{
  "name": "Aurora Sweep rev1",
  "matrix": {"rows": 8, "cols": 5},
  "layouts": {
    "keymap":
[
  [
    {
      "x": 2
    },
    "0,2",
    {
      "x": 6.25
    },
    "4,2"
  ],
  [
    {
      "y": -0.87,
      "x": 1
    },
    "0,3",
    {
      "x": 1
    },
    "0,1",
    {
      "x": 4.25
    },
    "4,1",
    {
      "x": 1
    },
    "4,3"
  ],
  [
    {
      "y": -0.8799999999999999,
      "x": 4
    },
    "0,0",
    {
      "x": 2.25
    },
    "4,0"
  ],
  [
    {
      "y": -0.87
    },
    "0,4",
    {
      "x": 10.25
    },
    "4,4"
  ],
  [
    {
      "y": -0.3799999999999999,
      "x": 2
    },
    "1,2",
    {
      "x": 6.25
    },
    "5,2"
  ],
  [
    {
      "y": -0.8700000000000001,
      "x": 1
    },
    "1,3",
    {
      "x": 1
    },
    "1,1",
    {
      "x": 4.25
    },
    "5,1",
    {
      "x": 1
    },
    "5,3"
  ],
  [
    {
      "y": -0.8799999999999999,
      "x": 4
    },
    "1,0",
    {
      "x": 2.25
    },
    "5,0"
  ],
  [
    {
      "y": -0.8700000000000001
    },
    "1,4",
    {
      "x": 10.25
    },
    "5,4"
  ],
  [
    {
      "y": -0.3799999999999999,
      "x": 2
    },
    "2,2",
    {
      "x": 6.25
    },
    "6,2"
  ],
  [
    {
      "y": -0.8700000000000001,
      "x": 1
    },
    "2,3",
    {
      "x": 1
    },
    "2,1",
    {
      "x": 4.25
    },
    "6,1",
    {
      "x": 1
    },
    "6,3"
  ],
  [
    {
      "y": -0.8799999999999999,
      "x": 4
    },
    "2,0",
    {
      "x": 2.25
    },
    "6,0"
  ],
  [
    {
      "y": -0.8700000000000001
    },
    "2,4",
    {
      "x": 10.25
    },
    "6,4"
  ],
  [
    {
      "r": 15,
      "rx": 5,
      "ry": 3.25,
      "y": 0.25,
      "x": -1.5
    },
    "3,1"
  ],
  [
    {
      "r": 30,
      "rx": 4.75,
      "y": 0.25
    },
    "3,0"
  ],
  [
    {
      "r": -30,
      "rx": 7.5,
      "y": 0.25,
      "x": -1
    },
    "7,0"
  ],
  [
    {
      "r": -15,
      "rx": 7.25,
      "y": 0.25,
      "x": 0.5
    },
    "7,1"
  ]
]
}
}
